photo,name,price,category,sizes,featured
1,Nike Tampa Bay Buccaneers #60 Mesh Jersey,2599,Jerseys,"S,M,L,XL,XXL",
2,Nike NFL Red #77 Mesh Jersey,2599,Jerseys,"S,M,L,XL,XXL",
3,Nike Buffalo Bills #20 Mesh Jersey,2699,Jerseys,"S,M,L,XL,XXL",
4,Nike Minnesota Vikings #96 Mesh Jersey,2699,Jerseys,"S,M,L,XL,XXL",
5,Adidas Argentina AFA Tricolor Jersey,2499,Jerseys,"S,M,L,XL,XXL",
6,Adidas Argentina AFA Black & Red Jersey,2399,Jerseys,"S,M,L,XL,XXL",
7,Adidas Argentina AFA Blue & Black Jersey,2499,Jerseys,"S,M,L,XL,XXL",
8,Adidas Argentina AFA Retro Gold Jersey,2499,Jerseys,"S,M,L,XL,XXL",
9,Adidas Adizero SL Running Shoes – Black/Orange,2799,Shoes,"UK 6,UK 7,UK 8,UK 9,UK 10,UK 11",
10,Adidas Performance Running Shoes – Black/Orange,2799,Shoes,"UK 6,UK 7,UK 8,UK 9,UK 10,UK 11",
11,ASICS Performance Running Shoes – Lime/Blue,2699,Shoes,"UK 6,UK 7,UK 8,UK 9,UK 10,UK 11",
12,Adidas Adizero SL2 Running Shoes – Aqua/Volt,2899,Shoes,"UK 6,UK 7,UK 8,UK 9,UK 10,UK 11",
13,Nike ZoomX Performance Running Shoes – White/Red,2899,Shoes,"UK 6,UK 7,UK 8,UK 9,UK 10,UK 11",
14,Reebok Performance Running Shoes – White/Blue,2499,Shoes,"UK 6,UK 7,UK 8,UK 9,UK 10,UK 11",
15,Nike Air Force 1 Low – White/Black,2699,Shoes,"UK 6,UK 7,UK 8,UK 9,UK 10,UK 11",yes
16,Puma Nitro Elite Running Shoes – White/Volt,2799,Shoes,"UK 6,UK 7,UK 8,UK 9,UK 10,UK 11",
17,Puma Nitro Elite Running Shoes – White/Black,2799,Shoes,"UK 6,UK 7,UK 8,UK 9,UK 10,UK 11",
18,New Balance FuelCell Rebel Running Shoes – White/Red,2799,Shoes,"UK 6,UK 7,UK 8,UK 9,UK 10,UK 11",
19,Nike Classic Swoosh T-Shirt – Black,1399,T-Shirts,"S,M,L,XL,XXL",
20,GANT 1949 American Sportswear T-Shirt – Beige,1399,T-Shirts,"S,M,L,XL,XXL",
21,GLFS 123 Horse Graphic Long Sleeve – Cream,1499,T-Shirts,"S,M,L,XL,XXL",
22,Levi’s Batwing Logo T-Shirt – Red,1299,T-Shirts,"S,M,L,XL,XXL",
23,Nike Swoosh T-Shirt – Black,1399,T-Shirts,"S,M,L,XL,XXL",
24,Levi’s Batwing Logo T-Shirt – White,1299,T-Shirts,"S,M,L,XL,XXL",
25,Calvin Klein Jeans T-Shirt – Taupe,1299,T-Shirts,"S,M,L,XL,XXL",
26,Levi’s Batwing Logo T-Shirt – White,1299,T-Shirts,"S,M,L,XL,XXL",
27,PUMA Classic Logo T-Shirt – Cream,1299,T-Shirts,"S,M,L,XL,XXL",
28,BOSS Tonal Logo T-Shirt – Black,1399,T-Shirts,"S,M,L,XL,XXL",
29,Rebel To Be Free Check Shirt – White,1799,Shirts,"S,M,L,XL,XXL",
30,Crocodile Graphic Shirt – Yellow,1799,Shirts,"S,M,L,XL,XXL",
31,City Desire Check Shirt,1899,Shirts,"S,M,L,XL,XXL",
32,Lacoste Logo Shirt – White,1699,Shirts,"S,M,L,XL,XXL",
33,Lacoste International Shirt – Red,1699,Shirts,"S,M,L,XL,XXL",
34,Armani Exchange A|X Logo Shirt – White,1699,Shirts,"S,M,L,XL,XXL",
35,U.S. Polo Assn. Graphic Shirt – White,1599,Shirts,"S,M,L,XL,XXL",
36,Lacoste Classic Graphic Shirt – Black,1699,Shirts,"S,M,L,XL,XXL",
37,Lacoste C-Logo Shirt – Sky Blue,1699,Shirts,"S,M,L,XL,XXL",
38,Deer Graphic Shirt – Beige,1799,Shirts,"S,M,L,XL,XXL",
39,Hoodrich Cargo Trousers – Beige,1999,Trousers,"S,M,L,XL,XXL",
40,Hoodrich Cargo Trousers – Cream,1999,Trousers,"S,M,L,XL,XXL",
41,Hoodrich Cargo Trousers – Black,1999,Trousers,"S,M,L,XL,XXL",
42,Puma Graphic Track Pants – Grey,1799,Trousers,"S,M,L,XL,XXL",
43,Adidas Panel Track Pants – Grey,1699,Trousers,"S,M,L,XL,XXL",
44,Adidas Triple Stripe Track Pants – Off-White,1799,Trousers,"S,M,L,XL,XXL",
45,Hoodrich Cargo Trousers – Khaki,1999,Trousers,"S,M,L,XL,XXL",
46,Puma Stripe Track Pants – Black,1799,Trousers,"S,M,L,XL,XXL",
47,Adidas Triple Stripe Track Pants – Black,1799,Trousers,"S,M,L,XL,XXL",
48,Adidas Triple Stripe Track Pants – Brown,1799,Trousers,"S,M,L,XL,XXL",
49,Darkvero Premium Washed Jeans – Dark Blue,2499,Pants,"S,M,L,XL,XXL",
50,Vintage Wash Straight Fit Jeans – Light Blue,2099,Pants,"S,M,L,XL,XXL",
51,Darkvero Classic Straight Fit Jeans – Dark Blue,2299,Pants,"S,M,L,XL,XXL",
52,WREVR Washed Jeans – Dark Blue,2199,Pants,"S,M,L,XL,XXL",
53,Levi’s Regular Fit Jeans – Beige,2399,Pants,"S,M,L,XL,XXL",
54,Alpha Nine Distressed Jeans – Dark Wash,2399,Pants,"S,M,L,XL,XXL",
55,Levi’s Classic Straight Fit Jeans – Black,2499,Pants,"S,M,L,XL,XXL",
56,Nautica Straight Fit Jeans – Dark Indigo,2199,Pants,"S,M,L,XL,XXL",
57,Washed Relaxed Fit Jeans – Black,1999,Pants,"S,M,L,XL,XXL",
58,Alpha Nine Light Wash Straight Fit Jeans,2199,Pants,"S,M,L,XL,XXL",
